Location,Organization,CompanyLink,Industry,Skills Required,Position,Duration,Stipend,Type
Bangalore,Amazon,www.amazon.in,Information Technology,"Apache Cassandra,Apache Hadoop,Apache Pig,Apache Solr,Autodesk AutoCAD Civil 3D,Autodesk AutoCAD software,Autodesk Buzzsaw,Autodesk Revit,autodesk VIZ",Architectural and Engineering Managers,5 years,800000,F
Bangalore,Amazon,www.amazon.in,Information Technology,"Computer servers,Data warehouse appliances,Laser facsimile machines,Photocopiers,Scanners,Storage servers,Actuate Eclipse BIRT,Adobe Systems Adobe Acrobat software,Adobe Systems Adobe ActionScript,Adobe Systems Adobe Flash,Advanced business application programming ABAP,Apache Cassandra,Apache Hadoop,Apache HTTP Server,Apache Pig,Apache Solr,Blackbaud The Raiser's Edge,Business Objects Data Integrator,C,C#,C++,CA Erwin Data Modeler,Citrix software,Common business oriented language COBOL,Data modeling software,Data warehouse software,Delphi software,Eclipse software,Enterprise resource planning ERP software,Extensible markup language XML,FileMaker Pro software,Google AdWords,Google Analytics,Hewlett Packard HP-UX,Hewlett Packard LoadRunner,Human resource management software HRMS,Hypertext markup language HTML,IBM Cognos Impromptu,IBM DB2,IBM InfoSphere DataStage,IBM Notes,IBM Power Systems software,IBM Unica Enterprise,IBM WebSphere,Informatica Data Explorer,Information Builders WebFOCUS,Integrated development environment IDE software,JavaScript,Job control language JCL,KornShell,LexisNexis software,Linux,Microsoft .NET Framework,Microsoft Access,Microsoft ActiveX,Microsoft Dynamics GP,Microsoft Dynamics software,Microsoft Excel,Microsoft Exchange Server,Microsoft Office software,Microsoft Outlook,Microsoft PowerPoint,Microsoft Proclarity,Microsoft Project,Microsoft Publisher,Microsoft SharePoint software,Microsoft SQL Server Reporting Services,Microsoft SQL Server software,Microsoft Visio,Microsoft Visual Basic,Microsoft Visual Basic Scripting Edition VBScript,Microsoft Visual Studio,Microsoft Word,MicroStrategy software,Minitab software,MongoDB,MySQL software,NoSQL software,Oracle Business Intelligence Enterprise Edition,Oracle E-Business Suite Financials,Oracle Essbase,Oracle Hyperion software,Oracle Java,Oracle JD Edwards EnterpriseOne,Oracle JDBC,Oracle PeopleSoft Financials,Oracle PeopleSoft software,Oracle PL/SQL,Oracle Primavera Enterprise Project Portfolio Management software,Oracle Siebel Marketing Resource Management,Oracle Solaris,Oracle WebLogic Server,Panorama NovaView,PostgreSQL software,Practical extraction and reporting language Perl,Python,Qlik Tech QlikView,R,Red Hat Enterprise Linux,Red Hat WildFly,Relational database management software,Rogue Wave Software IMSL Numerical Libraries,SAP BusinessObjects Crystal Reports,SAP BusinessObjects Data Integrator,SAP BusinessObjects software,SAP NetWeaver Business Warehouse,SAP software,SAS software,SiSense Prism,Splunk Enterprise,SPSS software,StataCorp Stata,Structured query language SQL,Sybase software,Tableau software,Teradata Database,The MathWorks MATLAB,Transact-SQL,Unified modeling language UML,UNIX,Veritas NetBackup",Business Intelligence Analysts,2 years,900000,F
Delhi,Spark Labs,www.spark labs.in,Information Technology,"10-key calculators,Computer data input scanners,Desktop computers,Laptop computers,Laser facsimile machines,Personal computers,Personal digital assistants PDA,Scanners,Tablet computers,Accounting compliance software,Accounting fraud detection software,ACL Audit Exchange,ACL Business Assurance Analytics,Arbutus Analyzer,Audit management software,Audit planning and control environment software,AuditTracker software,AuditWare CaseWare Examiner,AuditWare software,Automated auditors fraud detector software,Bi3 Audit Intelligence,Bi3 Financial Statement Fraud Analysis,BizBench Benchmarking Software,BNA Corporate Tax Audit Analyzer,Brentmark Estate Planning Quickview,Cammack Computations Inter-Est,CaseWare International IDEA,CaseWare International IDEA SmartAnalyzer,CaseWare Working Papers,CashFlow Guardian,Cebos MQ1 Audit System,Choice Technologies PowerBill +,Client billing software,Corel WordPerfect Office Suite,Corporate Responsibility System Technologies Limited Compliance Positioning System,D'Arcangelo Galileo,Data extraction software,Datavantage software,Digital analysis tests and statistics DATAS for Excel,Digital analysis tests and statistics DATAS for SAS,Financial Competence,FLS eDP PAYROLLtax,Fund accounting software,Google Docs,Google Sheets,Google Slides,Guidance Software EnCase Enterprise,Healthcare common procedure coding system HCPCS software,IAD Audit Leverage,IBM Cognos Impromptu,IBM Notes,InformationActive ActiveData for Excel,Internal audit software,Intrax ProcedureNet,Intuit QuickBooks software,Kirix ProffiPoint,Lawson software,LexisNexis software,Lumigent Entegra,Medical condition coding software,Medical procedure coding software,MethodWare ProAudit Advisor,Microsoft Access,Microsoft Excel,Microsoft Office software,Microsoft PowerPoint,Microsoft Visio,Microsoft Visual Basic,Microsoft Word,Microsoft Works,Oracle E-Business Suite Financials,Oracle Hyperion software,Oracle JD Edwards EnterpriseOne,Oracle PeopleSoft software,Oracle Primavera Enterprise Project Portfolio Management software,Oracle software,OSI TrustWise,Paisley AutoAudit,Paisley Cardmap,Paisley Focus Control Assurance,Paisley IssueTrack,Paisley RiskNavigator,Palisade @Risk,Payables Tests Sets for ACL software,Pentana audit work system PAWS,Pleier Audit Management System,PricewaterhouseCoopers TeamMate,ProfitCents software,PSI software,Qlik Tech QlikView,R,Recovery audit software,RSM McGladrey Advanced Practice Solutions Paperless Audit,RSM McGladrey Auditor Assistant,Sage 50 Accounting,Sage HandiSoft HandiLedger,Sampson Data Pattern Index software,SAP software,SAS software,Solutions Technology & Software HR Premier,Spreadsheet software,Star Software Fixed Asset Depreciation,Star Software Materiality Calculator,Structured query language SQL,Tableau software,Tax compliance property tax management software,Tax software,TechSmith Camtasia,Thomson Creative Solutions Engagement CS,Thomson Creative Solutions Financial Analysis CS,Thomson PPC e-Tools Suite,Thomson Reuters risk management software,TimeValue software,TopCAATs,TrendTracker Compliance Solution,Tropics software,UNIX,WizSoft WizRule,WizSoft WizWhy,WorkForce Software EmpCenter Time and Attendance",Auditors,2 years,400000,F
Chennai,EMC,www.emc.in,Information Technology,"Access servers,Computer servers,Computer tool kits,File servers,Industry standard architecture/peripheral component interconnect ISA/PCI cards,Inkjet printers,Internet Information Services IIS Servers,Laser facsimile machines,Laser printers,Mainframe computers,Mid-range computers,Minicomputers,Netware servers,Network analyzers,Network interface cards NIC,Network routers,Network switches,Personal computers,Photocopiers,Print servers,Punchdown tools,Robot automation tool,Screwdrivers,Storage servers,Teleconferencing equipment,Web servers,Workstations,ACT! software,Adobe Systems Adobe Distiller,Adobe Systems Adobe Flex,Advanced business application programming ABAP,AlphaFour software,Apache Cassandra,Apache Hadoop,Apache Pig,Apache Solr,Apache Tomcat,Apple Final Cut Pro,Apple iMovie,Apple iWork Keynote,Apple iWork Numbers,Apple iWork Pages,Apple Macintosh OS/X,Assembler,Billing software,Blackboard software,Borland Paradox,C,C++,CA Erwin Data Modeler,Cisco Systems WAN Manager,Citrix software,Common business oriented language COBOL,Corel Office Suite,Customer information control system CCIS,Dartware InterMapper,Drupal,Dynamic hypertext markup language DHTML,Eclipse software,Embarcadero Delphi,Extensible HyperText Markup Language XHTML,Extensible markup language XML,Firewall software,Ftp program software,Google Analytics,Help desk software,Hewlett Packard HP-UX,Human resource management software HRMS,Hyperion software,Hypertext markup language HTML,IBM Cognos Impromptu,IBM InfoSphere DataStage,IBM iSeries Access,IBM Power Systems software,IBM WebSphere,Infor ERP Baan,iPlanet Web Server software,JavaScript,K2 Business Process Automation,LAN software,Langlais Computer Consultants CalMan,Linux,Linux-based email software,Mac HelpMate,McAfee software,Microsoft .NET Framework,Microsoft Access,Microsoft Active Server Pages ASP,Microsoft Business Contact Manager,Microsoft Dynamics AX,Microsoft Dynamics CRM,Microsoft Dynamics GP,Microsoft Dynamics NAV,Microsoft Entourage,Microsoft Excel,Microsoft Exchange Server,Microsoft Front Page,Microsoft Internet Explorer,Microsoft Office SharePoint Server MOSS,Microsoft Office software,Microsoft Outlook,Microsoft PowerPoint,Microsoft Project,Microsoft SharePoint software,Microsoft SQL Server Reporting Services SSRS,Microsoft SQL Server software,Microsoft Visio,Microsoft Visual Basic,Microsoft Visual Basic Scripting Edition VBScript,Microsoft Visual FoxPro,Microsoft Visual Studio,Microsoft Windows Server,Microsoft Word,MicroStrategy software,Mobile wireless network infrastructure software,MongoDB,MySQL software,Nagios,Netscape Navigator,Node.js,NoSQL software,Novell network software,Objective C,Oracle Business Intelligence Enterprise Edition,Oracle DBMS,Oracle E-Business Suite,Oracle E-Business Suite Financials,Oracle Hyperion software,Oracle Java,Oracle JD Edwards EnterpriseOne,Oracle PeopleSoft software,Oracle PL/SQL,Oracle Primavera Systems software,Oracle Siebel Server Sync,Oracle Solaris,Oracle WebLogic Server,Pegasus software,Performance Solutions Technology ManagePro,PHP: Hypertext Preprocessor,Pilgrim Software Pilgrim SmartSolve software,Plumtree software,PostgreSQL software,Practical extraction and reporting language Perl,Progress OpenEdge ABL,Progress OpenEdge Application Server,Progress OpenEdge Fathom Replication software,Progress Sonic ESB,Progress WebSpeed Workshop,Puppet,Python,Qlik Tech QlikView,QUALCOMM Eudora,R,Red Hat Enterprise Linux,Red Hat WildFly,Relational database management software,Ruby on Rails,Samba,SAP Business Objects software,SAP BusinessObjects Crystal Reports,SAS software,SolarWinds software,SOX COBIT,Splunk Enterprise,SPSS software,StataCorp Stata,Structured query language SQL,Sybase software,Symantec security software,Symantec Veritas File System,Symantec Veritas Volume Manager,Tableau software,Telnet programs software,Teradata Database,The MathWorks MATLAB,Tk software,Unified modeling language UML,UNIX,Veritas NetBackup,Virtual private networking VPN software,Zephyr EXTRA! Terminal Emulation",Computer and Information Systems Managers,1 year,500000,F
Bangalore,CISCO,www.cisco.in,Information Technology,"Alternating current AC power analyzers,Alternating current AC power sources,Bit error rate testers BERT,Circuit memory testers,Circuit testers,Color plotters,Communications analyzers,Communications signal analyzers,Computer scanners,Desktop computers,Digital analysis systems DAS,Direct current DC power supplies,Dynamic signal analyzers,Feeler gauges,Frequency counters,Function generators,Impedance analyzers,Inductance capacitance resistance LCR meters,Inspection scopes,Isolators,Laptop computers,Logic analyzers,Logic probes,Mainframe computers,Multimeters,Oscilloscopes,Pattern generators,Personal computers,Personal digital assistants PDA,Power sensors,Probe card devices,Probe stations,Protocol analyzers,Protocol exercisers,Pulse generators,Resistance meters,Sampling oscilloscopes,Signal generators,Signal source analyzers,Spectrum analyzers,Thermal chambers,Traffic generators,Universal source generators,Voltage sensors,Waveform generators,Allegro software,Application-specific integrated circuit ASIC logic synthesis software,ASSET JTAG ScanWorks,Autodesk AutoCAD,Automatic test program generation ATPG software,Block diagram software,Boundary scan description language BSDL,Boundary scan insertion software,Built-in self-test BIST debugging software,C,C++,Cadence Concept,Cadence Dracula,Cadence Encounter RTL Compiler,Cadence Opus,Cadence OrCAD,Cadence PSpice,Cadence Schematic Composer,Cadence Virtuoso software,Cadence Virtuoso Spectre Circuit Simulator,Cisco Systems IOS,Complementary-symmetry/metal-oxide semiconductor CMOS layout software,Computer aided design CAD software,Computer diagnostic software,Computer simulation software,Data acquisition systems,Database software,Design-for-testability DFT insertion software,Discrete Fourier transform DFT analysis software,Electronic design automation EDA software,Failure analysis software,Fast Fourier transform FFT analysis software,Field programmable gate array FPGA logic synthesis software,Freescale CodeWarrior Tools,Hardware description and verification language,Hardware description language HDL,Integrated circuit simulation software,Internet search engine software,Joint test action group JTAG software,Linux,Logic synthesis software,LogicVision icBIST,M-Sim,MAGIC,Magma Design Automation Blast Create,Magma Design Automation Blast FPGA,Mathsoft Mathcad,Mentor Graphics BSDArchitect,Mentor Graphics Calibre,Mentor Graphics LeonardoSpectrum,Mentor Graphics Precision RTL,Mentor Graphics Xpedition xDX Designer,Microarchitecture simulation software,Microsoft Access,Microsoft Excel,Microsoft Office software,Microsoft PowerPoint,Microsoft Visio,Microsoft Visual Basic,Microsoft Visual C# .NET,Monte Carlo software,National Instruments LabVIEW,Oracle Java,PARTHENON,Place-and-route software,Practical extraction and reporting language Perl,Project management software,Python,Register transfer language RTL,SAS software,Schematic editors,Shell script,Simulation program with integrated circuit emphasis SPICE,SKILL,SoftICE,Spreadsheet software,State diagram software,Structured query language SQL,Synopsys Design Compiler,Synopsys Hercules,Synopsys HSIM,Synopsys HSPICE,Synopsys TetraMax ATPG,Synplicity Synplify,SystemVerilog,The Mathworks Control System Toolbox,The Mathworks Data Acquisition Toolbox,The Mathworks Embedded Target software,The MathWorks MATLAB,The MathWorks Real-Time Workshop,The MathWorks Signal Processing Toolbox,The MathWorks Simulink,The MathWorks Simulink DSP Blockset,The MathWorks Simulink Fixed-Point Blockset,The MathWorks Symbolic Math Toolbox,The MathWorks Wavelet Toolbox,Timing analysis software,Tool command language Tcl,UNIX,Verification software,Verilog,Very high-speed integrated circuit VHSIC hardware description language VHDL,Web browser software,Windows kernel debuggers,Word processing software,Xilinx ISE Foundation,Xilinx ModelSim,Xilinx Synthesis Technology XST",Computer Hardware Engineers,5 years,800000,F
Cupertino,Facebook,www.facebook.in,Information Technology,"Asynchronous transfer mode ATM analyzers,Backup servers,Bit error rate testers BERT,Broadband aggregation equipment,Cable analyzers,Cable qualification testers,Channel banks,Communication cable testers,Computer network routers,Computer network switches,Desktop computers,Domain name servers DNS,Fiber optic power meters,File servers,Firewall equipment,High-end database servers,Integrated services digital network ISDN analyzers,Intelligent hubs,Laptop computers,Lightweight directory access protocol LDAP servers,Link analyzers,Load balancers,Local area network LAN analyzers,Local area network LAN switches,Mail transport servers,Mainframe computers,Network analyzers,Network cabling systems,Network channel service units CSU or data service units DSU,Network connectivity testers,Network multimeters,Network routers,Network server load balancers,Network-attached storage NAS equipment,Notebook computers,Optical spectrum analyzers,Packet analysis equipment,Personal computers,Personal digital assistants PDA,Power meters,Protocol analyzers,Radio frequency RF antennas,Redundant array of independent disks RAID systems,Remote access servers,Spectrum analyzers,Storage area network SAN switches,Synchronous optical network SONET analyzers,T-Birds,Tablet computers,Time domain reflectometers,Videoconferencing equipment,Voice over internet protocol VoIP systems,Voice switches,Wide area network WAN analyzers,Wide area network WAN switches,Wireless access points WAP,Wireless local area network WLAN controllers,Wireless network controllers,Workstations,Access management software,AirMagnet Enterprise,Android,Apache HTTP Server,Apple Macintosh OS,Application management software,Application server software,Aruba Networks AirWave,Asset management administration software,Autodesk AutoCAD software,Automated installation software,Avaya software,Border Gateway Protocol BGP,BroadSoft BroadWorks,C,C++,CA eTrust,Capacity planning software,Cisco IOS,Cisco Systems Cisco Web Cache Communication Protocol WCCP,Cisco Systems CiscoWorks LAN Management Solution,Cisco Systems CiscoWorks software,Cisco Systems Gateway Load Balancing Protocol GLBP,Cisco Systems Hot Standby Router Protocol HSRP,Cisco Systems Wireless Control System WCS,Citrix software,Citrix XenApp,Common business oriented language COBOL,Compaq Insight Manager,Computer Associates ArcServ Backup,Computer based training software,Computer intrusion detection systems,Compuware dynaTrace,Configuration management software,Content filter software,Customer information control system CICS,Diagramming software,Discrete event simulation software,Domain name system DNS software,Element management software,Email management software,EMC Smarts Network Protocol Manager,Encryption software,Enhanced Interior Gateway Routing Protocol EIGRP,Ethereal,Extensible markup language XML,Firewall software,Help desk software,Hewlett Packard HP-UX,Hewlett Packard LoadRunner,Hewlett-Packard HP OpenView software,IBM AIX,IBM WebSphere,IBM WebSphere MQ,Infoblox NetMRI,Infoblox software,Integrated development environment IDE software,Intermediate System to Intermediate System IS-IS,Internet Protocol Security IPSEC,Intrusion prevention system IPS software,Ipswitch WhatsUp Gold,JavaScript,Job control language JCL,KornShell,Linux,Local area network LAN software,Logical partition LPAR software,LogRhythm software,Lucent VitalSuite,McAfee VirusScan,Microsoft .NET Framework,Microsoft Active Directory,Microsoft Excel,Microsoft Exchange Server,Microsoft Forefront Identify Manager,Microsoft Forefront Threat Management Gateway,Microsoft Office software,Microsoft operating system software,Microsoft PowerPoint,Microsoft Project,Microsoft SharePoint software,Microsoft SQL Server software,Microsoft Visio,Microsoft Visual Basic,Microsoft Visual Basic Scripting Edition VBScript,Microsoft Windows Server,Microsoft Word,Multi-router traffic grapher MRTG software,Multiprotocol Label Switching MPLS,MySQL software,Nagios,NetIQ software,Netreo OmniCenter,NetScout InfinitiStream Console,Network and application load and performance testing software,Network and component performance analysis software,Network and system vulnerability assessment software,Network architecture design software,Network availability monitoring software,Network bridge software,Network documentation software,Network intrusion detection software,Network intrusion prevention systems NIPS software,Network modeling, mapping, and analysis software,Network reporting software,Network storage software,Network traffic flow monitoring and analysis software,Network traffic probe software,Network, server and operating system optimization software,Novell network software,Online traffic calculator software,Open Shortest Path First OSPF,OPNET APMXpert,Optical network management software,Oracle Java,Oracle Java EE,Oracle JDBC,Oracle Solaris,Oracle Solaris Zones,Oracle WebLogic,Packet analysis software,Packet filter software,Packet tracing software,Patch and update management software,Penetration testing software,PHP: Hypertext Preprocessor,Ping Identity software,Practical extraction and reporting language Perl,Puppet,Python,Red Hat Enterprise Linux,Red Hat WildFly,Remote access software,Requirements management software,Risk assessment software,Riverbed Technology software,Root cause analysis software,Ruby,SAP software,Security incident management software,Segue SilkPerformer,Session Initiation Protocol SIP,Silver Peak software,Simple mail transfer protocol SMTP,Simple network management protocol SNMP software,Snort,Software distribution software,SolarWinds software,Storage area network SAN software,Storage management software,Structured query language SQL,Symantec Intruder Alert,Symantec security software,System and data disaster recovery software,System testing software,Systems and applications migration software,Tcpdump software,Ticket information tracking software,Time reporting software,Transparent Interconnection of Lots of Links TRILL,Unified modeling language UML,UNIX,Veritas NetBackup,Videoconferencing software,Virtual local area network management software,Virtual private network VPN software,Virtual Router Redundancy Protocol VRRP,Virus scanning software,VMWare software,Voice over internet protocol VoiP system software,Web browser software,Websense Data Loss Prevention,Wide area network WAN optimization software,Wide area network WAN software,Wireshark",Computer Network Architects,2 years,900000,F
California,Juniper,www.juniper.in,Information Technology,"Asynchronous transfer mode ATM analyzers,Cable testers,Caching engines,Cisco Systems Cisco Application Visibility and Management AVM Traffic Collector,Communications analyzers,Continuity testers,Copy machines,Fabric analyzers,Fibre channel protocol analyzers,Laptop computers,Laser facsimile machines,Load balancers,Mainframe computers,Network address translation NAT appliances,Personal computers,Port analyzer adapters,Powerline monitors,Redundant array of independent disks RAID systems,Remote access servers,Screwdrivers,Synchronous optical network SONET analyzers,T-Birds,Test lights,Throughput testers,Adobe Systems Adobe Acrobat software,Anti-spyware software,Antivirus software,Apache Tomcat,Apple Macintosh OS,Application management software,Arping,Automated installation software,Avaya software,B&W Port Scanner,Bash,Bentley ProjectWise,BitWizard B.V. mtr,BlackBerry Enterprise Server,BMC Software Control-M software,BMC Software Remedy IT Service Management Suite,Cisco Systems Cisco NetFlow Collection Engine,Cisco Systems Cisco Traffic Analyzer,Cisco Systems CiscoWorks LAN Management Solution,Cisco Systems CiscoWorks software,Citrix software,Clarified Networks Clarified Analyzer,Colasoft Capsa Enterprise,Colasoft Capsa Free,Compuware ClientVantage Agentless Monitoring,Congruity Technologies Inspector,Connectivity software,Customer relationship management CRM software,Dartware InterMapper,Database management software,Dig,Email software,EMC Ionix Network Configuration Manager,EMC NetWorker,EMC Symmetrix DMX,Encryption software,Ethereal,Ettercap NG,File server software,Firewall software,Fluke Networks Enterprise LANMeter,Hewlett Packard HP-UX,Hewlett-Packard HP Network Node Manager,IBM AIX,IBM Notes,IBM Security Network Intrusion Prevention System,IBM Tivoli NetView Distribution Manager,IBM Websphere,ifconfig,Internet directory service software,Intrusion prevention system IPS software,ipconfig,Linux,Load testing software,LogMatrix NerveCenter,McAfee software,Microsoft Access,Microsoft Active Directory,Microsoft Excel,Microsoft Exchange Server,Microsoft Hyper-V Server,Microsoft Internet Information Services IIS,Microsoft Network Monitor,Microsoft Office software,Microsoft PowerPoint,Microsoft Project,Microsoft SharePoint software,Microsoft SQL Server software,Microsoft Visual Basic,Microsoft Visual Basic Scripting Edition VBScript,Microsoft Windows,Microsoft Windows PowerShell,Microsoft Windows Sysprep,Microsoft Word,MySQL software,nbtstat,NetScout Sniffer Global Analyzer,NetScout Sniffer Portable Professional Analyzer,netstat,Network and system vulnerability assessment software,Network design software,Network Instruments Observer Standard,Network intrusion detection software,Network monitoring software,Network security software,ngrep,NIKSUN NetDetector,NovaStor NovaBACKUP,Novell eDirectory,Nslookup,OPNET SP Sentinel,Oracle Java,Oracle Solaris,Oracle Solaris Snoop,Packet analyzers,Packet filter software,Patch and update management software,Ping Identity software,Port scanners,Practical extraction and reporting language Perl,Project planning software,Python,Red Hat Enterprise Linux,Remote control software,Root kit detection software,Route,Roxio Retrospect,Ruby,Security incident management software,SolarWinds software,Sonicwall SonicOS Enhanced,Storage area network SAN software,Symantec Norton Antivirus,Symantec pcAnywhere,Symantec Veritas NetBackup,Tape backup system software,Tcpdump software,Traceroute,Traffic shapers,UNIX,WildPackets OmniPeek Network Analyzer,Wireshark,ZABBIX software",Computer Network Support Specialists,2 months,30000,I
New York,iSentium,www.isentium.in,Information Technology,"Computer servers,Desktop computers,Mainframe computers,Mainframe operating systems,Serial port cards,A programming language APL,ABC Compiler,ABC: the AspectBench Compiler for AspectJ,Ada,Adobe Systems Adobe Acrobat software,Adobe Systems Adobe ActionScript,Adobe Systems Adobe ColdFusion,Adobe Systems Adobe Dreamweaver,Adobe Systems Adobe Fireworks,Adobe Systems Adobe Flash,Adobe Systems Adobe Flex,Adobe Systems Adobe Illustrator,Adobe Systems Adobe Photoshop software,Adobe Systems Adobe PostScript,Advanced business application programming ABAP,Algorithmic language ALGOL,American National Standards Institute ANSI C,Apache Cassandra,Apache Hadoop,Apache HTTP Server,Apache Maven,Apache Pig,Apache Solr,Apache Struts,Apache Tomcat,Assembler,Asynchronous JavaScript and XML AJAX,AWK,B-Method,Basis BBx VisualPRO/5,Beginner's all-purpose symbolic instruction code BASIC,Bigloo Scheme,Bourne Shell,C,C#,C++,CA Erwin Data Modeler,Call-processing language CPL,Cascading Style Sheets CSS,CAST SQL Builder,Citrix software,Clipper,Code generator software,Code munger software,CoffeeCup software,Collaborative Application Markup Language CAML,Command interpreters,Common business oriented language COBOL,Common Lisp Object System CLOS,Compilers,Computer aided design and drafting CADD software,Computer Associates integrated data management system CA-IDMS,Computer On-line Real-time Applications Language CORAL 66,Corel CorelDraw Graphics Suite,Customer information control system CICS software,Dassault Systemes CATIA software,Data definition language DDL,Data manipulation language DML,dBASE Plus,Debugging software,Decompilers,Delphi software,Drupal,Dynamic hypertext markup language DHTML,E++ pattern language,Eclipse software,Eiffel,Embarcadero Delphi,Emerald Software Group Emerald Green Office,Enterprise JavaBeans,ESRI ArcGIS software,Event-driven State-machines Programming,Ext JS,Extensible HyperText Markup Language XHTML,Extensible markup language XML,Extensible stylesheet language XSL,FileMaker Pro software,Formula translation/translator FORTRAN,Forth,Gambit Scheme,Geographic information system GIS software,Google Analytics,Graphical user interfaces GUI,Greatis Object Inspector,Haskell,Hewlett Packard HP-UX,Hewlett Packard LoadRunner,Hibernate ORM,Human resource management software HRMS,Hypertext markup language HTML,IBM Cognos Impromptu,IBM DB2,IBM Domino,IBM InfoSphere DataStage,IBM Power Systems software,IBM Rational ClearCase,IBM WebSphere,ICON programming language,IEA Software Emerald,Incremental compiler software,Inline code expander software,Integrated development environment IDE software,Interface definition language IDL,Interpreter software,Interstate connection ICON,J,JavaScript,Job control language JCL,jQuery,Just-in-time compiler,KornShell,LAMP Stack,Linux,List processing language LISP,Logo,Low-level debugger software,McAfee software,Microsoft .NET Framework,Microsoft Access,Microsoft ActiveX,Microsoft ASP.NET,Microsoft Dynamics software,Microsoft ESP SDK,Microsoft Excel,Microsoft Exchange Server,Microsoft Extensible Application Markup Language (XAML),Microsoft FrontPage,Microsoft Office software,Microsoft PowerPoint,Microsoft Project,Microsoft Publisher,Microsoft SharePoint software,Microsoft Silverlight,Microsoft SQL Server Reporting Services,Microsoft SQL Server software,Microsoft Systems Management Server,Microsoft Visio,Microsoft Visual Basic,Microsoft Visual Basic Scripting Edition VBScript,Microsoft Visual Basic.NET,Microsoft Visual C#,Microsoft Visual C# .NET,Microsoft Visual FoxPro,Microsoft Visual Studio,Microsoft Word,MicroStrategy software,Mixed code generator,Modula,MongoDB,MUMPS M,MySQL software,Nagios,National Instruments LabVIEW,Network intrusion prevention systems NIPS software,Node.js,NoSQL software,Oberon,Objective C,Objective Caml,One pass compiler software,Oracle Business Intelligence Enterprise Edition,Oracle E-Business Suite Financials,Oracle Hyperion software,Oracle Java,Oracle JavaServer Pages JSP,Oracle JD Edwards EnterpriseOne,Oracle JDBC,Oracle PeopleSoft software,Oracle PL/SQL,Oracle Solaris,Oracle WebLogic Server,Partial class generator software,Pascal,Perforce Helix software,PHP: Hypertext Preprocessor,Pick software,PostgreSQL software,PowerSoft PowerBuilder,Practical extraction and reporting language Perl,Programming language one PL/I,Progress OpenEdge ABL,Progress Sonic ESB,Progress WebSpeed Workshop,Prolog,Puppet,Python,Qlik Tech QlikView,R,ReCrystallize Crystal Reports,Red Hat Enterprise Linux,Red Hat WildFly,Relational database management software,Restructured extended executor REXX,Retargetable compiler,Revision control software,Ruby,Ruby on Rails,SAP Business Objects software,SAP BusinessObjects Crystal Reports,SAP BusinessObjects Data Integrator,SAP NetWeaver BW,SAP software,SAS software,Scheme,Self,Shell script,Simulation program with integrated circuit emphasis SPICE,Smalltalk,Snort,Source code editor software,Source code migration software,Splunk Enterprise,Spring Framework,SPSS software,Stage compiler,StataCorp Stata,String oriented symbolic language SNOBOL,Structured query language SQL,Structured Query Report SQR,Sybase SQL Server,Symantec Visual Cafe,Symbolic debugger software,Tableau software,Teradata Database,The MathWorks MATLAB,Threaded code compiler,Tier generator software,Transact-SQL,Unified modeling language UML,UNIX,Verilog,Virage VS Archive,Web service definition language WDSL,Wireshark,Workflow software,Xerces2 Java Parser",Computer Programmers,2 months,20000,I
Bangalore,Hewlett Packard,www.hewlettpackard.in,Information Technology,"Desktop computers,Mainframe computers,Notebook computers,Personal digital assistants PDA,Access management software,AcmeStudio,Active directory software,Ada,Adobe ColdFusion,Adobe Systems Adobe Acrobat software,Adobe Systems Adobe ActionScript,Adobe Systems Adobe Dreamweaver,Adobe Systems Adobe Fireworks,Adobe Systems Adobe Flash,Adobe Systems Adobe Flex,Adobe Systems Adobe Illustrator,Adobe Systems Adobe Photoshop software,Advanced business application programming ABAP,Apache Cassandra,Apache Hadoop,Apache HTTP Server,Apache Maven,Apache Pig,Apache Solr,Apache Struts,Apache Tomcat,Application management software,Architecture description language ADL,Asynchronous JavaScript and XML AJAX,Automated installation software,Business intelligence system software,C,C#,C++,CA Erwin Data Modeler,Cascading Style Sheets CSS,Cisco Systems CiscoWorks software,Citrix software,Common business oriented language COBOL,Compatibility testing software,Component object model COM software,Computer aided design and drafting CADD software,Cost estimation software,CrossTec NetOp Remote Control,Customer information control system CICS software,Dassault Systemes CATIA software,Data conversion software,Defect tracking software,Delphi software,Diagramming software,Distributed component object model DCOM software,Drupal,Dynamic analysis software,Dynamic hypertext markup language DHTML,Eclipse software,Eiffel,Electronic design automation EDA software,Element management software,Embarcadero JBuilder,Enterprise JavaBeans,Epic Systems software,ESRI ArcGIS software,Ext JS,Extensible HyperText Markup Language XHTML,Extensible markup language XML,FileMaker Pro software,Flow chart software,Formula translation/translator FORTRAN,Functional testing software,Geographic information system GIS software,Google Analytics,Help desk software,Hewlett Packard HP-UX,Hewlett Packard LoadRunner,Hibernate ORM,Hierarchical simulation program with integrated circuit emphasis HSPICE,Human resource management software HRMS,HyperSpace software,Hypertext markup language HTML,IBM Cognos Impromptu,IBM DB2,IBM Domino,IBM InfoSphere DataStage,IBM Notes,IBM Power Systems software,IBM Rational ClearCase,IBM Rational ClearQuest,IBM Rational PurifyPlus,IBM Rational Rose XDE Developer,IBM WebSphere,Informatica Corporation PowerCenter,InstallShield software,Integrated development environment IDE software,Integration testing software,Interoperability testing software,J,JavaScript,Job control language JCL,jQuery,KornShell,LAMP Stack,Linux,Load testing software,McAfee software,Microsoft .NET Framework,Microsoft Access,Microsoft Active Server Pages ASP,Microsoft ActiveX,Microsoft Dynamics GP,Microsoft Dynamics software,Microsoft Excel,Microsoft Exchange Server,Microsoft Internet Information Service IIS,Microsoft Office software,Microsoft Outlook,Microsoft PowerPoint,Microsoft Project,Microsoft Publisher,Microsoft SharePoint software,Microsoft SQL Server Reporting Services,Microsoft SQL Server software,Microsoft Visio,Microsoft Visual Basic,Microsoft Visual Basic Scripting Edition VBScript,Microsoft Visual Basic.NET,Microsoft Visual C# .NET,Microsoft Visual FoxPro,Microsoft Visual Studio,Microsoft Word,MicroStrategy software,Migration testing software,Minitab software,MongoDB,Mutation testing software,MySQL software,Nagios,National Instruments LabVIEW,Network intrusion prevention systems NIPS software,Node.js,NoSQL software,Objective C,Omni Group OmniGraffle,Oracle Application Server,Oracle Business Intelligence Enterprise Edition,Oracle Business Intelligence Suite,Oracle DBMS,Oracle E-Business Suite Financials,Oracle Eloqua software,Oracle Fusion Middleware,Oracle Hyperion software,Oracle Java,Oracle Java 2 Platform Enterprise Edition J2EE,Oracle JavaServer Pages JSP,Oracle JD Edwards EnterpriseOne,Oracle JDBC,Oracle Master Data Management MDM Suite,Oracle PeopleSoft Financials,Oracle PeopleSoft software,Oracle PL/SQL,Oracle Primavera Enterprise Project Portfolio Management software,Oracle Solaris,Oracle WebLogic Server,OrCAD Capture,Patch and update management software,Perforce Helix software,Personal computer diagnostic software,PHP: Hypertext Preprocessor,Popkin System Architect,PostgreSQL software,Practical extraction and reporting language Perl,Puppet,Python,Qlik Tech QlikView,R,Rapide,Recovery testing software,Red Hat Enterprise Linux,Red Hat WildFly,Regression testing software,Relational database management software,Remote control software,Requirements management software,Ruby on Rails,SAP Business Objects software,SAP BusinessObjects Crystal Reports,SAP BusinessObjects Desktop Intelligence,SAP Master Data Management MDM,SAP NetWeaver,SAP Netweaver BW,SAP R/3 software,SAS software,Security testing software,Smalltalk,Snort,Software asset management SAM software,Software distribution software,Spectra Quest software,Splunk Enterprise,Spring Framework,SPSS software,Stac Software ReachOut,StataCorp Stata,Static analysis software,Stress testing software,Structure prediction software,Structured query language SQL,Sun Microsystems Sun ONE,Sybase SQL Server,Symantec pcAnywhere,Symantec security software,Symantec Visual Cafe,System and data disaster recovery software,System testing software,Systems and application deployment and migration software,Tableau software,Teradata Database,Test design software,Test implementation software,The MathWorks MATLAB,Time sharing option TSO software,Transact-SQL,Unified modeling language UML,Unit testing software,UNIX,Usability testing software,Verilog,Veritas NetBackup,Version control software,Virtual private network VPN software,Virus scanning software,Web server software,WebFOCUS software,Wireshark,Wise Solutions software,Wise Solutions Wise for Windows Installer,Wright software",Computer Systems Analysts,5 years,1000000,F
Mumbai,Oracle,www.oracle.in,Information Technology,"Computer tool kits,Desktop computers,Digital tapes,Mainframe computers,MS-DOS-bootable disks,Multi-line telephone systems,Network analyzers,Notebook computers,Power meters,Punchdown tools,Redundant array of independent disks RAID systems,Reflectometers,Screwdrivers,Wire crimpers,Active directory software,Adobe Systems Adobe Acrobat,Adobe Systems Adobe Distiller,Adobe Systems Adobe Dreamweaver,Adobe Systems Adobe Flash,Advanced business application programming ABAP,Apache HTTP Server,Apache Tomcat,Apple Final Cut Pro,Automated installation software,Blackboard software,C#,C++,Calendar and scheduling software,Call center software,Cisco Systems IOS software,Citrix Software,Common business oriented language COBOL,Configuration management software,CrossTec NetOp Remote Control,Customer information control system CCIS,Dartware InterMapper,Defect tracking software,Deployment software,Desktop partitioning software,Disaster recovery software,Domain name system DNS software,Dynamic hypertext markup language DHTML,Element management software,Encryption software,Enterprise resource planning ERP software,Event log monitor software,Extensible markup language XML,FileMaker Pro software,Help desk software,Hewlett Packard HP-UX,Human resource management software HRMS,Hypertext markup language HTML,IBM Domino,IBM Notes,IBM Power Systems software,IBM WebSphere,Information systems integration software,Internet browser software,IPro software,Job control language JCL,KornShell,License management software,Linux,Lucid IQ,Mac HelpMate,McAfee software,Media storage management software,Microsoft .NET Framework,Microsoft Access,Microsoft Dynamics GP,Microsoft Dynamics software,Microsoft Excel,Microsoft Exchange Server,Microsoft Office software,Microsoft Outlook,Microsoft PowerPoint,Microsoft Project,Microsoft Publisher,Microsoft SharePoint software,Microsoft SQL Server Reporting Services,Microsoft SQL Server software,Microsoft Visio,Microsoft Visual Basic,Microsoft Visual Basic Scripting Edition VBScript,Microsoft Visual Studio,Microsoft Volume Shadow Copy Service,Microsoft Windows,Microsoft Windows Pre-installation Environment,Microsoft Word,Migration software,MySQL software,Nagios,Network directory services software,Operating system monitoring software,Oracle Java,Oracle JD Edwards EnterpriseOne,Oracle PeopleSoft software,Oracle PL/SQL,Oracle Solaris,Oracle WebLogic Server,Password management software,Patch management software,Personal computer diagnostic software,PHP: Hypertext Preprocessor,PostgreSQL software,Practical extraction and reporting language Perl,Puppet,Python,Red Hat Enterprise Linux,Red Hat WildFly,Relational database management software,Remote control software,Remote install server software,SAP Business Objects software,SAP Crystal Reports,SAP software,Software asset management SAM software,SolarWinds software,Splunk Enterprise,Stac Software ReachOut,Structured query language SQL,Sybase software,Symantec LiveState,Symantec Norton Utilities,Symantec pcAnywhere,Symantec security software,Teradata Database,Transact-SQL,UNIX,Veritas NetBackup,Virtual private networking VPN software,Virus scanning software,Wireshark",Computer User Support Specialists,2 months,50000,I
Bangalore,Oracle,www.oracle.in,Information Technology,"Desktop computers,Hard disk drives,Mainframe computers,Notebook computers,Redundant array of independent disks RAID systems,Tape libraries,Access management software,Acronis Recovery Expert,Adobe Systems Adobe Dreamweaver,Adobe Systems Adobe Flash,Advanced business application programming ABAP,AJAX,Apache Cassandra,Apache Hadoop,Apache HTTP Server,Apache Pig,Apache Solr,Apache Struts,Apache Tomcat,Apple Macintosh OS,Blackboard software,BMC Software Change Manager,BMC Software Control-M software,BMC Software Recovery Manager RMAN,C,C#,C++,CA Erwin Data Modeler,CA IDMS,Catalog navigation software,Citrix software,Cluster server software,Common business oriented language COBOL,Computer Associates Log Analyzer,Computer based training software,Concurrency control software,Customer information control system CCIS,Data definition language DDL,Data dictionary software,Data manipulation language DML,Data mapping software,Data modeling software,Data transformation services DTS software,Data validation software,Database capacity planning software,Database cloning software,Database design software,Database security software,Database testing software,Delphi software,Deployment software,DOS shell script,Drupal,Dynamic hypertext markup language DHTML,Eclipse software,Embarcadero Technologies DBArtisan,Encryption software,Enterprise JavaBeans,Extensible HyperText Markup Language XHTML,Extensible markup language XML,FileMaker Pro software,Hewlett Packard HP-UX,Hewlett-Packard HP Omniback II,Hibernate ORM,Human resource management software HRMS,Hypertext markup language HTML,IBM ADSTAR,IBM Cognos Impromptu,IBM DB2,IBM Domino,IBM Informix,IBM InfoSphere DataStage,IBM Notes,IBM Power Systems software,IBM Rational Data Architect,IBM WebSphere,Index tuning software,Informatica Big Data,Informatica Corporation PowerCenter,Integrated development environment IDE software,JavaScript,Job control language JCL,Kornshell,Legato NetWorker,Linux,McAfee software,Micosoft SQL Server Analysis Services SSAS,Microsoft .NET Framework,Microsoft Access,Microsoft ActiveX,Microsoft Dynamics GP,Microsoft Dynamics software,Microsoft Excel,Microsoft Exchange Server,Microsoft Office software,Microsoft Outlook,Microsoft PowerPoint,Microsoft Project,Microsoft Publisher,Microsoft SharePoint software,Microsoft SQL Server Integration Services SSIS,Microsoft SQL Server Reporting Services,Microsoft SQL Server software,Microsoft Visio,Microsoft Visual Basic,Microsoft Visual Basic Scripting Edition VBScript,Microsoft Visual Basic.NET,Microsoft Visual C# .NET,Microsoft Visual Studio,Microsoft Windows,Microsoft Word,MicroStrategy software,Minitab software,MongoDB,MySQL software,Nagios,Node.js,NoSQL,Object database management system ODBMS software,Oracle Application Express APEX,Oracle Business Intelligence Enterprise Edition,Oracle Data Guard,Oracle Designer,Oracle E-Business Suite Financials,Oracle Enterprise Manager,Oracle Hyperion software,Oracle Java,Oracle JavaServer Pages JSP,Oracle JD Edwards EnterpriseOne,Oracle JDBC,Oracle Learning Management OLM software,Oracle PeopleSoft,Oracle PeopleSoft Financials,Oracle PL/SQL,Oracle Primavera Enterprise Project Portfolio Management software,Oracle Real Application Cluster RAC,Oracle Reports,Oracle Solaris,Oracle SQL Loader,Oracle SQL Plus,Oracle WebLogic Server,Perforce Helix software,PHP: Hypertext Preprocessor,PostgreSQL software,Practical extraction and reporting language Perl,Prolog,Puppet,Python,Qlik Tech QlikView,Quest Central,R,ReCrystallize Crystal Reports,Red Hat Enterprise Linux,Red Hat WildFly,Relational database management software,Restructured extended executor REXX,Ruby on Rails,Safe Software FME,SAP BusinessObjects software,SAP Crystal Reports,SAP software,SAS software,Shell script,Splunk Enterprise,Spring Framework,SPSS software,StataCorp Stata,Storage area network SAN software,Storage management software,Structured query language SQL,Sybase PowerBuilder,Sybase Replication Server,Sybase SQL Server,Symantec security software,Systems and data disaster recovery software,Tableau software,Teradata Active Enterprise Data Warehouse,Test data generator software,The MathWorks MATLAB,Transact-SQL,Unified modeling language UML,UNIX,VERITAS NetBackup,Virtual private networking VPN software,Visual Paradigm DB Visual ARCHITECT,Wireshark",Database Administrators,3 years,1200000,F
Chennai,CISCO,www.cisco.in,Information Technology,"Adjustable widemouth pliers,Adjustable wrenches,Alternating current AC generators,Ammeters,Anti-static heel grounders,Bench lathes,Binocular light compound microscopes,Brushless direct current DC motors,Computerized numerical control CNC machining centers,Current probes,Dataloggers,Desktop computers,Desoldering stations,Digital cameras,Digital plotters,Digital voltmeters DVM,Direct current DC potentiometers,Dual power supplies,Dynamometers,Frequency counters,Function generators,Harmonic analyzers,Impedance meters,Laptop computers,Laser printers,Lasers,Logic analyzers,Magnetic pickup tools,Metal-oxide varistors MOV,Microcomputers,Microprocessors,Multimeters,Nanosecond universal counters,Notebook computers,Ohmmeters,Oscilloscopes,Personal computers,Phase shift indicators,Phase shifters,Potentiometers,Power drills,Power meters,Power screwdrivers,Programmable logic controllers PLC,Q meters,Radio frequency RF amplifiers,Radio frequency RF signal generators,Radio frequency RF spectrum analyzers,Screwdrivers,Signal generators,Signal measuring equipment,Soldering equipment,Soldering stations,Spectrum analyzers,Stroboscopes,Tachometers,Transformers,Voltage probes,Voltage testers,Wattmeters,Welders,Welding goggles,Welding hoods,Wire crimpers,Wire cutters,Wire strippers,Wire wrap guns,Wrist anti-static straps,Adobe Systems Adobe Acrobat software,Assembler,Autodesk AutoCAD software,Autodesk Revit,Bentley Microstation,Bentley Systems ProjectWise,C,C++,Cadence PSpice,Cadence software,Computer aided design CAD software,Computer aided software engineering CASE tools,Database software,Emulators,Graphics software,Mentor Graphics ModelSim,Microsoft Excel,Microsoft Internet Explorer,Microsoft Office software,Microsoft PowerPoint,Microsoft Project,Microsoft Visual Basic,Microsoft Word,National Instruments LabVIEW,National Instruments Multisim,Oracle software,OrCAD Capture,Programmable logic controller PLC software,Proportional integral derivative control PID software,Rockwell RSLogix,Rockwell RSView,Root cause analysis software,SAP software,Spreadsheet software,Supervisory control and data acquisition SCADA software,The MathWorks MATLAB,Verilog,Wonderware InTouch HMI",Electrical Engineering Technicians,2 months,30000,I
New York,Morgan Stanley,www.morganstanley.in,Information Technology,"Computer data input scanners,Desktop computers,Laptop computers,Mainframe computers,Multi-line telephone systems,Personal computers,Photocopying equipment,Bloomberg Professional,C++,IBM Cognos Business Intelligence,Insightful S-PLUS,JavaScript,Linux,Microsoft Access,Microsoft Excel,Microsoft Office software,Microsoft PowerPoint,Microsoft SQL Server software,Microsoft Visio,Microsoft Visual Basic,Microsoft Visual Basic for Applications VBA,Microsoft Visual C#,MicroStrategy Desktop,Oracle software,Practical extraction and reporting language Perl,Python,R,SAS software,SPSS software,StataCorp Stata,Structured query language SQL,The MathWorks MATLAB,UNIX,Web browser software",Financial Quantitative Analysts,5 years,2000000,F
Cupertino,Google,www.google.in,Information Technology,"35 millimeter cameras,Computer laser printers,Computer scanners,Desktop computers,Digital cameras,Graphics tablets,Laptop computers,Personal computers,Photocopying equipment,Wide format printers,Adobe Systems Adobe Acrobat software,Adobe Systems Adobe ActionScript,Adobe Systems Adobe After Effects,Adobe Systems Adobe ColdFusion,Adobe Systems Adobe Distiller,Adobe Systems Adobe Dreamweaver,Adobe Systems Adobe Fireworks,Adobe Systems Adobe Flash Player,Adobe Systems Adobe FrameMaker,Adobe Systems Adobe FreeHand,Adobe Systems Adobe Illustrator,Adobe Systems Adobe InDesign,Adobe Systems Adobe Macromedia HomeSite,Adobe Systems Adobe PageMaker,Adobe Systems Adobe Photoshop software,Adobe Systems Adobe Premiere Pro software,Apple Final Cut Pro,Apple iMovie,Apple iWork Keynote,Asynchronous JavaScript and XML AJAX,Autodesk AutoCAD software,Autodesk Revit,Cascading Style Sheets CSS,Computer aided design and drafting CADD software,Corel CorelDraw Graphics Suite,Corel WordPerfect Office Suite,Dassault Systemes CATIA software,Digidesign Pro Tools software,Drupal,Dynamic hypertext markup language DHTML,Extensible HyperText Markup Language XHTML,Extensible markup language XML,FileMaker Pro software,Hypertext markup language HTML,JavaScript,jQuery,MAXON CINEMA 4D software,Microsoft Access,Microsoft Excel,Microsoft Office software,Microsoft PowerPoint,Microsoft Publisher,Microsoft Visio,Microsoft Word,Nuance OmniPage Professional,PHP: Hypertext Preprocessor,QuarkXPress,SignCAD Systems SignCAD,Structured query language SQL,Verilog,Web browser software",Graphic Designers,3 months,30000,I
Bangalore,Microsoft,www.microsoft.in,Information Technology,"Desktop computers,Local area network LAN analyzers,Mainframe computers,Network analyzers,Notebook computers,Protocol analyzers,Access management software,Active directory software,Akoura SmartToken,Anti-phishing software,Anti-spyware software,Anti-Trojan software,Apache Cassandra,Apache Hadoop,Apache HTTP Server,Apache Tomcat,ArcSight Enterprise Threat and Risk Management,Automated audit trail analysis software,Automated installation software,Automated media tracking software,Backup and archival software,Berkeley Internet Domain Name BIND software,C,C#,C++,Cisco Systems CiscoWorks software,Citrix software,Computer forensic software,Conformance and validation testing software,Cryptographic key management software,Customer information control system CICS,Diameter,Domain name system DNS software,End-to-end encryption software,Extensible markup language XML,Firewall software,Hewlett Packard HP-UX,Hewlett-Packard HP OpenView software,Honeypot,Hypertext markup language HTML,IBM Notes,IBM Power Systems software,IBM Tivoli Access Management TAM,IBM Tivoli Identity Management TIM,IBM WebSphere,Integrity verification software,Intrusion detection system IDS software,Intrusion prevention system IPS software,JavaScript,Job control language JCL,Keystroke monitoring software,KornShell,License management software,Link encryption software,Linux,McAfee VirusScan,Microsoft .NET Framework,Microsoft Access,Microsoft Excel,Microsoft Exchange Server,Microsoft Office software,Microsoft PowerPoint,Microsoft Project,Microsoft SharePoint software,Microsoft SQL Server software,Microsoft Visio,Microsoft Visual Basic Scripting Edition VBScript,Microsoft Windows,Microsoft Word,MySQL software,Nagios,Network and system vulnerability assessment software,Network directory services software,Network intrusion prevention systems NIPS software,Network security auditing software,Network, hardware, and software auditing software,Objective C,Oracle Java,Oracle Net Manager,Oracle software,Oracle Solaris,Oracle WebLogic Server,Password cracker software,Password management software,Patch and update management software,Penetration testing software,PHP: Hypertext Preprocessor,Ping Identity software,PostgreSQL software,Practical extraction and reporting language Perl,Program checksumming software,Puppet,Python,Quest BigBrother,Red Hat Enterprise Linux,Remote authentication dial-in user service RADIUS software,Root kit detection software,Safeguard Systems software,SAP software,SAS software,Secure internet filtering software,Secure shell SSH software,Security incident management software,Security risk assessment software,Smart card management software,Snort,Splunk Enterprise,Stack smashing protection SSP software,Structured query language SQL,Sybase software,Symantec Norton Antivirus,System and data disaster recovery software,System testing software,Unified modeling language UML,UNIX,Virus scanning software,Wireshark",Information Security Analysts,2 months,800000,I
Chennai,Hewlett Packard,www.hewlettpackard.in,Information Technology,"Desktop computers,Laptop computers,Mainframe computers,Personal computers,A mathematical programming language AMPL,Business Forecast Systems Forecast Pro,C,C++,Cisco Systems IOS,Claritas PRIZM NE,Dassault Systemes CATIA software,ESRI ArcExplorer,ESRI ArcGIS software,Extensible markup language XML,General algebraic modeling system GAMS,Hyperion Solutions Hyperion Intelligence,IBM Cognos Impromptu,IBM Power Systems software,iGrafx software,ILOG OPL-CPLEX Development System,Imagine That Extend OR,Insightful S-PLUS,Job control language JCL,LINDO Systems LINGO,Linux,Mathsoft Mathcad,Mesquite Software CSIM,Microsoft Access,Microsoft Excel,Microsoft MapPoint,Microsoft Office software,Microsoft PowerPoint,Microsoft Project,Microsoft SharePoint software,Microsoft SQL Server software,Microsoft Visio,Microsoft Visual Basic,Microsoft Word,MicroStrategy software,Minitab software,Mixed integer optimizer MINTO,MySQL software,Oracle Business Intelligence Enterprise Edition,Oracle software,Practical extraction and reporting language Perl,ProModel software,Python,Qlik Tech QlikView,R,Rockwell Automation Arena,SAP Business Objects software,SAP BusinessObjects Crystal Reports,SAP Crystal Reports,SAP software,SAS software,Splunk Enterprise,SPSS software,Stanford Business Software MINOS,Stanford Business Software SNOPT,StataCorp Stata,Strategic Reporting Systems ReportSmith,Structured query language SQL,Sun Microsystems Java,Sybase PowerBuilder,Tableau software,Telelogic System Architect,Teradata Database,The MathWorks MATLAB,The MathWorks Simulink,UNIX,Wolfram Research Mathematica",Operations Research Analysts,5 years,900000,F
Hyedrabad,Microsoft,www.microsoft.in,Information Technology,"Approach detection systems,Audioconferencing equipment,Card readers,Closed circuit television CCTV monitoring systems,Computer network routers,Computer server equipment,Desktop computers,Digital video recorders,Electronic access control systems,Intrusion detection systems,Magnetometers,Mechanical access control systems,Network video recorders,Personal computers,Tablet computers,Videoconferencing equipment,X ray screening equipment,AccessData FTK,Adobe Systems Adobe Acrobat software,Adobe Systems Adobe ActionScript,Adobe Systems Adobe ColdFusion,ArcSight Enterprise Threat and Risk Management,Autodesk AutoCAD software,C,C#,C++,Chinotec Technologies Paros,Cisco Systems CiscoWorks software,Database software,e-fense Helix3,Extensible markup language XML,Firewall software,Guidance Software EnCase Forensic,IBM Informix,Intrusion prevention system IPS software,JavaScript,Kismet,Linux,Live memory collection software,McAfee software,Metasploit,Microsoft .NET Framework,Microsoft Access,Microsoft Excel,Microsoft Office software,Microsoft PowerPoint,Microsoft SharePoint software,Microsoft Visio,Microsoft Visual Basic,Microsoft Windows,Microsoft Windows PowerShell,Microsoft Word,MySQL software,Nessus,Nmap,Oracle Java,Oracle Java EE,Oracle software,Oracle Solaris,Photo editing software,PHP: Hypertext Preprocessor,Physical access management software,Practical extraction and reporting language Perl,Python,Ruby,SAP software,Secure web gateway software,Social networking software,Splunk Enterprise,Structured query language SQL,Symantec PGP,Symantec security software,Tivoli,TrueCrypt,UNIX,Videoconferencing software,Volatile Systems Volatility,Web browser software,Wireshark",Security Management Specialists,2 months,400000,I
Cupertino,Facebook,www.facebook.in,Information Technology,"Application servers,Computer servers,Desktop computers,Digital cameras,Flash disks,In circuit emulators ICE,Logic analyzers,Mainframe computers,Notebook computers,Personal digital assistants PDA,A programming language APL,ABC Compiler,ABC: the AspectBench Compiler for AspectJ,Ada,ADO.NET,Adobe Systems Adobe Acrobat,Adobe Systems Adobe ActionScript,Adobe Systems Adobe AfterEffects,Adobe Systems Adobe Dreamweaver,Adobe Systems Adobe Fireworks,Adobe Systems Adobe Flash,Adobe Systems Adobe Flex,Adobe Systems Adobe Illustrator,Adobe Systems Adobe InDesign,Adobe Systems Adobe Photoshop software,Advanced business application programming ABAP,Algorithmic language ALGOL,Allaire ColdFusion,American National Standards Institute ANSI C,Apache Cassandra,Apache Hadoop,Apache HTTP Server,Apache Maven,Apache Pig,Apache Solr,Apache Struts,Apache Tomcat,Apple Final Cut Pro,Asynchronous JavaScript and XML AJAX,Autodesk AutoCAD,Autodesk Revit,Automated installation software,AWK,B-Method,Beginner's all-purpose symbolic instruction code BASIC,Bentley MicroStation,Bigloo Scheme,Blackboard software,C,C#,C++,CA Erwin Data Modeler,Call-processing language CPL,Cascading Style Sheets CSS,Citrix software,Collaborative Application Markup Language CAML,Common business oriented language COBOL,Common Lisp Object System CLOS,Component object model COM software,Component-based Scalable Logical Architecture CSLA,Computer aided design and drafting CADD software,Computer assisted software engineering CASE software,Computer Associates integrated data management system CA-IDMS,Computer On-line Real-time Applications Language CORAL 66,Customer information control system CICS software,Dassault Systemes CATIA software,Data analysis software,Data definition language DDL,Data manipulation language DML,Defect tracking software,Delphi software,Deployment software,Distributed component object model DCOM software,Drupal,Dynamic analysis software,Dynamic HTML,E++ pattern language,Eclipse software,Eiffel,Embarcadero Delphi,Embarcadero JBuilder,Embedded systems development software,Emerald Software Group Emerald Green Office,Encryption software,Enterprise application integration EAI software,Enterprise JavaBeans,Event-driven State-machines Programming,EXT js,Extensible HyperText Markup Language XHTML,Extensible markup language XML,Extensible stylesheet language transformations XSLT,FileMaker Pro software,Formula translation/translator FORTRAN,Forth,Functional testing software,Gambit Scheme,Google AdWords,Google Analytics,Graphical user interface GUI builder software,Haskell,Hewlett Packard HP-UX,Hewlett Packard LoadRunner,Hibernate ORM,Human resource management software HRMS,Hypertext markup language HTML,IBM Cognos Impromptu,IBM DB2,IBM Domino,IBM InfoSphere DataStage,IBM Middleware,IBM Notes,IBM Power Systems software,IBM Rational ClearCase,IBM Rational ClearQuest,IBM Rational PurifyPlus,IBM Rational Requisite Pro,IBM Rational Rose XDE Developer,IBM WebSphere,ICON programming language,IEA Software Emerald,Integrated development environment IDE software,Integration testing software,Interface definition language IDL,Interoperability testing software,Interstate connection ICON,J,JavaScript,Job control language JCL,jQuery,KornShell,LAMP Stack,LexisNexis software,Linux,List processing language LISP,Load testing software,McAfee software,Microsoft .NET Framework,Microsoft Access,Microsoft Active Server Pages ASP,Microsoft ActiveX,Microsoft ASP.NET,Microsoft Dynamics GP,Microsoft Dynamics software,Microsoft ESP SDK,Microsoft Excel,Microsoft Exchange Server,Microsoft Internet Information Service IIS,Microsoft Office software,Microsoft Outlook,Microsoft PowerPoint,Microsoft Project,Microsoft Publisher,Microsoft SharePoint,Microsoft SharePoint software,Microsoft SQL Server Reporting Services,Microsoft SQL Server software,Microsoft Visio,Microsoft Visual Basic,Microsoft Visual Basic Scripting Edition VBScript,Microsoft Visual Basic.NET,Microsoft Visual C# .NET,Microsoft Visual Studio,Microsoft Windows,Microsoft Word,MicroStrategy software,Migration software,Migration testing software,Minitab software,Modula,MongoDB,MUMPS M,Mutation testing software,MySQL software,Nagios,National Instruments LabVIEW,Node.js,NoSQL,Oberon,Object Management Group Object Request Broker,Objective C,Objective Caml,Oracle Business Intelligence Enterprise Edition,Oracle DBMS,Oracle E-Business Suite Financials,Oracle Eloqua software,Oracle Hyperion software,Oracle Java,Oracle JavaServer Pages JSP,Oracle JD Edwards EnterpriseOne,Oracle JDBC,Oracle PeopleSoft Financials,Oracle PeopleSoft software,Oracle Primavera Enterprise Project Portfolio Management software,Oracle procedural language/structured query language PL/SQL,Oracle Solaris,Oracle WebLogic Server,Pascal,Patch management software,Perforce Helix software,PHP: Hypertext Preprocessor,PostgreSQL software,Practical extraction and reporting language Perl,Programming language one PL/I,Prolog,PTC Creo Parametric,Puppet,Python,Qlik Tech QlikView,R,Recovery testing software,Red Hat Enterprise Linux,Red Hat WildFly,Regression testing software,Relational database management software RDBMS,Requirements management software,Restructured extended executor REXX,Ruby,Ruby on Rails,SAP Business Objects software,SAP BusinessObjects Crystal Reports,SAP Netweaver,SAP R/3 software,SAP software,SAS software,Scheme programming language,Security testing software,Simulation program with integrated circuit emphasis SPICE,Smalltalk,Source code editor software,Splunk Enterprise,Spring Framework,SPSS software,StataCorp Stata,Static analysis software,Stress testing software,String oriented symbolic language SNOBOL,Structured query language SQL,Structured Query Report SQR,Sun Microsystems Java 2 Platform Enterprise Edition J2EE,Sybase PowerBuilder,Sybase SQL Server,Symantec security software,Symantec Visual Cafe,System testing software,Tableau software,Teradata Database,Test design software,Test implementation software,The MathWorks MATLAB,Transact-SQL,Unified modeling language UML,Unit testing software,UNIX,Usability testing software,Verilog,Veritas NetBackup,Version control software,Virtual private networking VPN software,Visible Razor,Web server software,Web service definition language WDSL,Wireshark,XML Path Language XPATH","Software Developers, Applications",3 years,500000,F
Bangalore,HCL,www.hcl.in,Information Technology,"Application servers,Desktop computers,Directory servers,Graphics processing unit GPU,In circuit emulators ICE,Logic analyzers,Mainframe computers,Multi-core central processing unit CPU,Notebook computers,A programming language APL,ABC Compiler,ABC: the AspectBench Compiler for AspectJ,Ada,Adobe Systems Adobe ActionScript,Adobe Systems Adobe Flash,Adobe Systems Adobe Flex,Advanced business application programming ABAP,AJAX,Algorithmic language ALGOL,Allaire ColdFusion,American National Standards Institute ANSI C,Apache Cassandra,Apache Hadoop,Apache HTTP Server,Apache Maven,Apache Pig,Apache Solr,Apache Struts,Apache Tomcat,Apple Macintosh OS/X,Assembler,Automated installation software,AWK,B-Method,Backup and archival software,Beginner's all-purpose symbolic instruction code BASIC,Bigloo Scheme,C,C#,C++,CA Erwin Data Modeler,Call-processing language CPL,Cisco Systems IOS,Citrix software,Collaborative Application Markup Language CAML,Common business oriented language COBOL,Common Lisp Object System CLOS,Component object model COM software,Computer assisted software engineering CASE software,Computer Associates integrated data management system CA-IDMS,Computer On-line Real-time Applications Language CORAL 66,Configuration management software,Customer information control system CICS software,Data analysis software,Data definition language DDL,Data manipulation language DML,DataVision software,Defect tracking software,Delphi software,Deployment software,Disk operating system DOS software,Distributed component object model DCOM software,Distributed database management software,Document management system software,Document Object Model DOM Scripting,Drupal,Dynamic analysis software,Dynamic hypertext markup language DHTML,Dynamic modeling software,E++ pattern language,Eclipse software,Eiffel,Embarcadero Delphi,Embarcadero JBuilder,Embedded systems development software,Emerald Software Group Emerald Green Office,Encryption software,Enterprise application integration EAI software,Enterprise JavaBeans,Enterprise resource planning ERP software,Event-driven State-machines Programming,Ext JS,Extensible HyperText Markup Language XHTML,Extensible markup language XML,Extensible stylesheet language transformations XSLT,Fault testing software,File server software,Formula translation/translator FORTRAN,Forth,Functional testing software,Gambit Scheme,Graphical user interface GUI design software,Haskell,Hewlett Packard HP-UX,Hewlett Packard LoadRunner,Hibernate ORM,Hyperion software,Hypertext markup language HTML,IBM AIX,IBM DB2,IBM InfoSphere DataStage,IBM Middleware,IBM Notes,IBM Power Systems software,IBM Rational ClearCase,IBM Rational ClearQuest,IBM Rational PurifyPlus,IBM Rational Requisite Pro,IBM Rational Rose XDE Developer D93,IBM WebSphere,IBM z/OS operating systems,ICON programming language,IEA Software Emerald,Integrated development environment IDE software,Integration testing software,Interface definition language IDL,Interoperability testing software,Interstate connection ICON,J,JavaScript,Job control language JCL,jQuery,KornShell,LAMP Stack,Linux,List processing language LISP,Load testing software,Magellan Firmware,McAfee software,Microsoft .NET Framework,Microsoft Access,Microsoft Active Server Pages ASP,Microsoft ActiveX,Microsoft DirectX,Microsoft Dynamics software,Microsoft ESP SDK,Microsoft Excel,Microsoft Exchange Server,Microsoft Internet Information Service IIS,Microsoft Office software,Microsoft PowerPoint,Microsoft Project,Microsoft Sharepoint,Microsoft SharePoint software,Microsoft SQL Server Reporting Services,Microsoft SQL Server software,Microsoft transact-structural query language T-SQL,Microsoft Visio,Microsoft Visual Basic,Microsoft Visual Basic Scripting Edition VBScript,Microsoft Visual Basic.NET,Microsoft Visual C# .NET,Microsoft Visual Studio,Microsoft Windows,Microsoft Word,Migration software,Migration testing software,Minitab software,Modula,MongoDB,MUMPS M,Mutation testing software,MVS software,MySQL software,Nagios,National Instruments LabVIEW,Node.js,NoSQL software,Novell network software,Oberon,Object Management Group Object Request Broker,Objective Caml,Objective-C,Open Graphics Library OpenGL,Operating system shells,Oracle Application Server,Oracle Business Intelligence Discoverer,Oracle Business Intelligence Suite,Oracle Java,Oracle JavaServer Pages JSP,Oracle JDBC,Oracle PL/SQL,Oracle Primavera Enterprise Project Portfolio Management software,Oracle Reports,Oracle Solaris,Oracle WebLogic Server,Pascal,Patch management software,Perforce Helix software,PHP: Hypertext Preprocessor,PostgreSQL software,Practical extraction and reporting language Perl,Process Control System Software,Programming language one PL/I,Prolog,Puppet,Python,QNX software,Real time operating system RTOS software,Recovery testing software,Red Hat Enterprise Linux,Red Hat WildFly,Regression testing software,Relational database management software,Requirements management software,Restructured extended executor REXX,Ruby,Ruby on Rails,SAP Business Intelligence,SAP Business Objects software,SAP BusinessObjects Crystal Reports,SAP Netweaver,SAS software,Scheme programming language,Security testing software,Self,Simple API for XML SAX,Simulation program with integrated circuit emphasis SPICE,Smalltalk,Software distribution management software,Splunk Enterprise,Spring Framework,Static analysis software,Storage area network SAN software,Stress testing software,String oriented symbolic language SNOBOL,Structured query language SQL,Sun Microsystems Java 2 Platform Enterprise Edition J2EE,Sybase software,Sybase SQL Server,Symantec security software,Symantec Visual Cafe,System testing software,Teradata Database,Test design software,Test implementation software,The MathWorks MATLAB,The MathWorks Simulink,Transact-SQL,Unified modeling language UML,Unit testing software,UNIX,Verilog,Veritas NetBackup,Version control software,Virtual private networking VPN software,Visible Razor,VxWorks software,Web server software,Web service definition language WDSL,Win CE,Wireshark","Software Developers, Systems Software",2 months,800000,I
Mumbai,CISCO,www.cisco.in,Information Technology,"Aerial bucket trucks,Amplifier probes,Cable analyzers,Cable cutters,Cable plows,Cable tie guns,Circuit testers,Coaxial cable testers,Combo crimping tools,Compaction tampers,Computer servers,Continuity testers,Digger derricks,Digital power meters,Electricity monitors,Fiber optic cable splicers,Fiber optic cable strippers,Fiber optic fault locators,Fiber optic fusion splicers,Fiber optic power meters,Fiber optic strippers,Fiber optic tweezers,Fiber scribes,Field inspection microscopes,Fish tapes,Flat head screwdrivers,Infrared fiber meters,Infrared thermometers,Insulation resistance testers,Jack termination tools,Laser printers,Local area network LAN analyzers,Multimeters,Nut drivers,Open end wrenches,Optical power meters,Optical time domain reflectometers OTDR,Personal computers,Phillips head screwdrivers,Pipe benders,Polarity testers,Portable drills,Power saws,Punch down insertion tools,Radio interference detection RID devices,Scanners,Soldering irons,Spectrum analyzers,Tone generators,Tone test sets,Trenchers,Voltage testers,Winches,Wire locators,Wire mappers,Wire pullers,Wire wrap guns,2AB iLock Security Services,Access management software,Antivirus software,Autodesk AutoCAD software,Avaya Identity Engines,Backup and archival software,Call accounting software,Cisco Systems Cisco Traffic Analyzer,Computer aided design CAD software,IBM Lotus 1-2-3,IBM Rational Requirements Composer,Linux,McAfee software,Microsoft Excel,Microsoft Exchange Server,Microsoft Office software,Microsoft Outlook,Microsoft PowerPoint,Microsoft Windows,Microsoft Word,Network management software,NovaStor NovaBACKUP,Oracle Java,Oracle software,Practical extraction and reporting language Perl,Project scheduling software,Requirements analysis software,SiteMaster SiteSmart,Spreadsheet software,Structured query language SQL,UNIX,Virtual private network VPN software,Web browser software,Web design software,Wireshark,Zmanda Amanda",Telecommunications Engineering Specialists,5 years,900000,F
Cupertino,EA Games,www.eagames.in,Information Technology,"Audioconferencing systems,Computer data input scanners,Desktop computers,Laptop computers,Personal computers,Smart phones,Tablet computers,Video gaming equipment,3D graphic design software,ActionScript,Adobe Systems Adobe After Effects,Adobe Systems Adobe Creative Suite software,Adobe Systems Adobe Flash,Adobe Systems Adobe Illustrator,Adobe Systems Adobe Photoshop software,Atlassian JIRA,Autodesk 3ds Max,Autodesk Maya,Autodesk Scaleform,Balsamiq Studios Balsamiq Mockups,C,C for Graphics cg,C++,Extensible markup language XML,Graphical user interfaces GUI,JavaScript,Linux,Lua,Microsoft DirectX,Microsoft Excel,Microsoft Expression Blend,Microsoft High Level Shader Language HLSL,Microsoft Office software,Microsoft Outlook,Microsoft PowerPoint,Microsoft Project,Microsoft Visio,Microsoft Visual C#,Microsoft Word,MySQL software,Objective C,OpenGL,Oracle Java,Oracle software,Perforce software,PHP: Hypertext Preprocessor,Practical extraction and reporting language Perl,Python,Scheme,Simple DirectMedia Layer SDL,Sound development software,Structured query language SQL,Unity Technologies Unity,Virtual Battlespace 2 VBS2",Video Game Designers,3 months,30000,I
